time,target,z,dz,e,ei,u
0.000,8.000,6.000,-0.000,2.000,0.200,1.000
0.010,8.000,6.000,0.055,1.945,0.200,0.989
0.020,8.000,6.001,0.306,1.693,0.200,0.939
0.030,8.000,6.004,0.523,1.473,0.200,0.895
0.040,8.000,6.009,0.711,1.280,0.200,0.856
0.050,8.000,6.016,0.875,1.109,0.200,0.822
0.060,8.000,6.025,1.019,0.957,0.200,0.791
0.070,8.000,6.035,1.145,0.820,0.200,0.764
0.080,8.000,6.046,1.255,0.698,0.200,0.740
0.090,8.000,6.059,1.353,0.588,0.200,0.718
0.100,8.000,6.072,1.439,0.489,0.200,0.698
0.110,8.000,6.087,1.515,0.398,0.200,0.680
0.120,8.000,6.102,1.582,0.316,0.200,0.663
0.130,8.000,6.118,1.641,0.241,0.200,0.648
0.140,8.000,6.134,1.694,0.172,0.200,0.634
0.150,8.000,6.151,1.739,0.109,0.200,0.622
0.160,8.000,6.169,1.780,0.052,0.200,0.610
0.170,8.000,6.186,1.815,-0.001,0.199,0.596
0.180,8.000,6.204,1.844,-0.048,0.150,0.442
0.190,8.000,6.223,1.816,-0.039,0.112,0.328
0.200,8.000,6.241,1.756,0.003,0.115,0.345
0.210,8.000,6.259,1.701,0.041,0.156,0.475
0.220,8.000,6.276,1.683,0.041,0.197,0.599
0.230,8.000,6.292,1.713,-0.006,0.191,0.572
0.240,8.000,6.310,1.732,-0.042,0.149,0.439
0.250,8.000,6.327,1.703,-0.030,0.119,0.351
0.260,8.000,6.344,1.649,0.007,0.126,0.379
0.270,8.000,6.360,1.603,0.037,0.163,0.496
0.280,8.000,6.376,1.592,0.031,0.194,0.588
0.290,8.000,6.392,1.618,-0.010,0.184,0.548
0.300,8.000,6.409,1.628,-0.036,0.147,0.435
0.310,8.000,6.425,1.597,-0.022,0.125,0.372
0.320,8.000,6.441,1.549,0.011,0.136,0.410
0.330,8.000,6.456,1.511,0.033,0.169,0.514
0.340,8.000,6.471,1.507,0.022,0.191,0.576
0.350,8.000,6.486,1.528,-0.014,0.176,0.526
0.360,8.000,6.502,1.529,-0.031,0.146,0.432
0.370,8.000,6.517,1.497,-0.014,0.132,0.392
0.380,8.000,6.532,1.454,0.014,0.145,0.439
0.390,8.000,6.547,1.425,0.028,0.174,0.527
0.400,8.000,6.561,1.426,0.013,0.187,0.563
0.410,8.000,6.575,1.441,-0.017,0.170,0.507
0.420,8.000,6.589,1.435,-0.025,0.145,0.431
0.430,8.000,6.604,1.404,-0.008,0.138,0.412
0.440,8.000,6.618,1.366,0.016,0.154,0.464
0.450,8.000,6.632,1.345,0.023,0.177,0.535
0.460,8.000,6.645,1.350,0.005,0.182,0.548
0.470,8.000,6.658,1.359,-0.017,0.165,0.491
0.480,8.000,6.672,1.347,-0.019,0.146,0.433
0.490,8.000,6.686,1.316,-0.002,0.144,0.431
0.500,8.000,6.699,1.285,0.017,0.161,0.485
0.510,8.000,6.712,1.271,0.018,0.178,0.538
0.520,8.000,6.724,1.276,-0.001,0.178,0.533
0.530,8.000,6.737,1.280,-0.017,0.161,0.479
0.540,8.000,6.750,1.264,-0.014,0.147,0.439
0.550,8.000,6.762,1.235,0.003,0.150,0.451
0.560,8.000,6.775,1.209,0.016,0.166,0.501
0.570,8.000,6.787,1.201,0.012,0.178,0.537
0.580,8.000,6.799,1.206,-0.005,0.173,0.519
0.590,8.000,6.811,1.204,-0.015,0.158,0.471
0.600,8.000,6.823,1.186,-0.009,0.150,0.447
0.610,8.000,6.835,1.159,0.006,0.156,0.469
0.620,8.000,6.846,1.139,0.014,0.170,0.513
0.630,8.000,6.858,1.135,0.007,0.177,0.532
0.640,8.000,6.869,1.138,-0.008,0.169,0.506
0.650,8.000,6.881,1.132,-0.012,0.157,0.468
0.660,8.000,6.892,1.112,-0.004,0.153,0.458
0.670,8.000,6.903,1.089,0.008,0.161,0.484
0.680,8.000,6.914,1.075,0.011,0.172,0.519
0.690,8.000,6.925,1.073,0.002,0.175,0.524
0.700,8.000,6.935,1.073,-0.009,0.166,0.496
0.710,8.000,6.946,1.063,-0.009,0.157,0.468
0.720,8.000,6.957,1.043,-0.000,0.156,0.469
0.730,8.000,6.967,1.024,0.009,0.165,0.497
0.740,8.000,6.977,1.014,0.008,0.173,0.522
0.750,8.000,6.988,1.014,-0.001,0.172,0.516
0.760,8.000,6.998,1.011,-0.009,0.164,0.489
0.770,8.000,7.008,0.998,-0.006,0.157,0.471
0.780,8.000,7.018,0.980,0.003,0.160,0.480
0.790,8.000,7.028,0.964,0.008,0.168,0.506
0.800,8.000,7.037,0.958,0.005,0.173,0.521
0.810,8.000,7.047,0.957,-0.003,0.170,0.509
0.820,8.000,7.056,0.951,-0.007,0.162,0.485
0.830,8.000,7.066,0.937,-0.003,0.159,0.477
0.840,8.000,7.075,0.921,0.004,0.163,0.491
0.850,8.000,7.084,0.909,0.007,0.170,0.512
0.860,8.000,7.094,0.904,0.002,0.172,0.517
0.870,8.000,7.103,0.902,-0.005,0.168,0.502
0.880,8.000,7.112,0.894,-0.006,0.162,0.485
0.890,8.000,7.121,0.880,-0.001,0.161,0.484
0.900,8.000,7.129,0.866,0.005,0.166,0.500
0.910,8.000,7.138,0.857,0.005,0.171,0.515
0.920,8.000,7.147,0.854,-0.000,0.171,0.513
0.930,8.000,7.155,0.850,-0.005,0.166,0.498
0.940,8.000,7.164,0.840,-0.004,0.162,0.486
0.950,8.000,7.172,0.827,0.001,0.164,0.491
0.960,8.000,7.180,0.815,0.005,0.168,0.506
0.970,8.000,7.188,0.808,0.003,0.171,0.515
0.980,8.000,7.197,0.805,-0.002,0.170,0.509
0.990,8.000,7.205,0.800,-0.004,0.165,0.495
1.000,8.000,7.213,0.789,-0.002,0.163,0.490
1.010,8.000,7.220,0.777,0.002,0.166,0.498
1.020,8.000,7.228,0.768,0.004,0.170,0.511
1.030,8.000,7.236,0.763,0.001,0.171,0.514
1.040,8.000,7.244,0.759,-0.003,0.168,0.505
1.050,8.000,7.251,0.752,-0.003,0.165,0.495
1.060,8.000,7.259,0.742,-0.000,0.165,0.494
1.070,8.000,7.266,0.731,0.003,0.168,0.504
1.080,8.000,7.273,0.724,0.003,0.171,0.513
1.090,8.000,7.281,0.720,-0.000,0.170,0.511
1.100,8.000,7.288,0.715,-0.003,0.168,0.502
1.110,8.000,7.295,0.707,-0.002,0.165,0.496
1.120,8.000,7.302,0.697,0.001,0.166,0.499
1.130,8.000,7.309,0.688,0.003,0.169,0.508
1.140,8.000,7.316,0.682,0.002,0.171,0.513
1.150,8.000,7.323,0.678,-0.001,0.170,0.509
1.160,8.000,7.330,0.673,-0.003,0.167,0.501
1.170,8.000,7.336,0.665,-0.001,0.166,0.499
1.180,8.000,7.343,0.656,0.002,0.168,0.504
1.190,8.000,7.349,0.648,0.002,0.170,0.511
1.200,8.000,7.356,0.644,0.001,0.171,0.512
1.210,8.000,7.362,0.639,-0.002,0.169,0.507
1.220,8.000,7.369,0.633,-0.002,0.167,0.501
1.230,8.000,7.375,0.625,0.000,0.167,0.502
1.240,8.000,7.381,0.617,0.002,0.169,0.508
1.250,8.000,7.388,0.611,0.002,0.171,0.512
1.260,8.000,7.394,0.607,-0.000,0.170,0.511
1.270,8.000,7.400,0.602,-0.002,0.169,0.506
1.280,8.000,7.406,0.595,-0.001,0.168,0.503
1.290,8.000,7.412,0.588,0.001,0.168,0.505
1.300,8.000,7.418,0.581,0.002,0.170,0.510
1.310,8.000,7.423,0.576,0.001,0.171,0.513
1.320,8.000,7.429,0.572,-0.001,0.170,0.510
1.330,8.000,7.435,0.567,-0.001,0.169,0.505
1.340,8.000,7.440,0.560,-0.000,0.168,0.505
1.350,8.000,7.446,0.553,0.001,0.169,0.508
1.360,8.000,7.452,0.547,0.001,0.171,0.512
1.370,8.000,7.457,0.543,0.000,0.171,0.512
1.380,8.000,7.463,0.539,-0.001,0.170,0.509
1.390,8.000,7.468,0.533,-0.001,0.169,0.506
1.400,8.000,7.473,0.527,0.000,0.169,0.507
1.410,8.000,7.478,0.520,0.001,0.170,0.510
1.420,8.000,7.484,0.515,0.001,0.171,0.513
1.430,8.000,7.489,0.511,-0.000,0.171,0.512
1.440,8.000,7.494,0.507,-0.001,0.170,0.509
1.450,8.000,7.499,0.501,-0.000,0.169,0.507
1.460,8.000,7.504,0.495,0.001,0.170,0.509
1.470,8.000,7.509,0.490,0.001,0.171,0.512
1.480,8.000,7.514,0.486,0.000,0.171,0.513
1.490,8.000,7.519,0.482,-0.001,0.170,0.511
1.500,8.000,7.524,0.477,-0.001,0.170,0.509
1.510,8.000,7.528,0.472,-0.000,0.170,0.509
1.520,8.000,7.533,0.466,0.001,0.170,0.511
1.530,8.000,7.538,0.462,0.001,0.171,0.513
1.540,8.000,7.542,0.458,-0.000,0.171,0.513
1.550,8.000,7.547,0.454,-0.001,0.170,0.511
1.560,8.000,7.551,0.449,-0.000,0.170,0.510
1.570,8.000,7.556,0.444,0.000,0.170,0.511
1.580,8.000,7.560,0.439,0.001,0.171,0.513
1.590,8.000,7.565,0.435,0.000,0.171,0.514
1.600,8.000,7.569,0.431,-0.000,0.171,0.513
1.610,8.000,7.573,0.427,-0.001,0.170,0.511
1.620,8.000,7.578,0.422,-0.000,0.170,0.511
1.630,8.000,7.582,0.418,0.000,0.171,0.512
1.640,8.000,7.586,0.413,0.001,0.171,0.514
1.650,8.000,7.590,0.410,0.000,0.171,0.514
1.660,8.000,7.594,0.406,-0.000,0.171,0.513
1.670,8.000,7.598,0.402,-0.000,0.171,0.512
1.680,8.000,7.602,0.397,0.000,0.171,0.512
1.690,8.000,7.606,0.393,0.000,0.171,0.513
1.700,8.000,7.610,0.389,0.000,0.171,0.514
1.710,8.000,7.614,0.386,-0.000,0.171,0.514
1.720,8.000,7.618,0.382,-0.000,0.171,0.513
1.730,8.000,7.622,0.378,-0.000,0.171,0.512
1.740,8.000,7.626,0.374,0.000,0.171,0.513
1.750,8.000,7.629,0.370,0.000,0.171,0.514
1.760,8.000,7.633,0.367,0.000,0.172,0.515
1.770,8.000,7.637,0.363,-0.000,0.171,0.514
1.780,8.000,7.640,0.360,-0.000,0.171,0.513
1.790,8.000,7.644,0.356,0.000,0.171,0.513
1.800,8.000,7.648,0.352,0.000,0.171,0.514
1.810,8.000,7.651,0.349,0.000,0.172,0.515
1.820,8.000,7.655,0.345,-0.000,0.172,0.515
1.830,8.000,7.658,0.342,-0.000,0.171,0.514
1.840,8.000,7.661,0.339,-0.000,0.171,0.514
1.850,8.000,7.665,0.335,0.000,0.171,0.514
1.860,8.000,7.668,0.332,0.000,0.172,0.515
1.870,8.000,7.672,0.328,0.000,0.172,0.516
1.880,8.000,7.675,0.325,-0.000,0.172,0.515
1.890,8.000,7.678,0.322,-0.000,0.172,0.515
1.900,8.000,7.681,0.319,-0.000,0.171,0.514
1.910,8.000,7.684,0.315,0.000,0.172,0.515
1.920,8.000,7.688,0.312,0.000,0.172,0.516
1.930,8.000,7.691,0.309,0.000,0.172,0.516
1.940,8.000,7.694,0.306,-0.000,0.172,0.515
1.950,8.000,7.697,0.303,-0.000,0.172,0.515
1.960,8.000,7.700,0.300,0.000,0.172,0.515
1.970,8.000,7.703,0.297,0.000,0.172,0.516
1.980,8.000,7.706,0.294,0.000,0.172,0.516
1.990,8.000,7.709,0.291,-0.000,0.172,0.516
2.000,8.000,7.712,0.288,-0.000,0.172,0.516
2.010,8.000,7.715,0.285,-0.000,0.172,0.516
2.020,8.000,7.717,0.282,0.000,0.172,0.516
2.030,8.000,7.720,0.280,0.000,0.172,0.516
2.040,8.000,7.723,0.277,0.000,0.172,0.517
2.050,8.000,7.726,0.274,-0.000,0.172,0.516
2.060,8.000,7.729,0.271,-0.000,0.172,0.516
2.070,8.000,7.731,0.269,0.000,0.172,0.516
2.080,8.000,7.734,0.266,0.000,0.172,0.517
2.090,8.000,7.737,0.263,0.000,0.172,0.517
2.100,8.000,7.739,0.261,-0.000,0.172,0.517
2.110,8.000,7.742,0.258,-0.000,0.172,0.517
2.120,8.000,7.744,0.256,-0.000,0.172,0.516
2.130,8.000,7.747,0.253,0.000,0.172,0.517
2.140,8.000,7.750,0.250,0.000,0.172,0.517
2.150,8.000,7.752,0.248,0.000,0.172,0.517
2.160,8.000,7.755,0.245,-0.000,0.172,0.517
2.170,8.000,7.757,0.243,-0.000,0.172,0.517
2.180,8.000,7.759,0.241,0.000,0.172,0.517
2.190,8.000,7.762,0.238,0.000,0.172,0.517
2.200,8.000,7.764,0.236,0.000,0.173,0.518
2.210,8.000,7.767,0.233,0.000,0.173,0.518
2.220,8.000,7.769,0.231,-0.000,0.172,0.517
2.230,8.000,7.771,0.229,-0.000,0.172,0.517
2.240,8.000,7.774,0.226,0.000,0.172,0.517
2.250,8.000,7.776,0.224,0.000,0.173,0.518
2.260,8.000,7.778,0.222,0.000,0.173,0.518
2.270,8.000,7.780,0.220,-0.000,0.173,0.518
2.280,8.000,7.782,0.218,-0.000,0.173,0.518
2.290,8.000,7.785,0.215,0.000,0.173,0.518
2.300,8.000,7.787,0.213,0.000,0.173,0.518
2.310,8.000,7.789,0.211,0.000,0.173,0.518
2.320,8.000,7.791,0.209,0.000,0.173,0.518
2.330,8.000,7.793,0.207,-0.000,0.173,0.518
2.340,8.000,7.795,0.205,-0.000,0.173,0.518
2.350,8.000,7.797,0.203,0.000,0.173,0.518
2.360,8.000,7.799,0.201,0.000,0.173,0.518
2.370,8.000,7.801,0.199,0.000,0.173,0.518
2.380,8.000,7.803,0.197,-0.000,0.173,0.518
2.390,8.000,7.805,0.195,-0.000,0.173,0.518
2.400,8.000,7.807,0.193,0.000,0.173,0.518
2.410,8.000,7.809,0.191,0.000,0.173,0.519
2.420,8.000,7.811,0.189,0.000,0.173,0.519
2.430,8.000,7.813,0.187,0.000,0.173,0.519
2.440,8.000,7.815,0.185,-0.000,0.173,0.519
2.450,8.000,7.817,0.183,-0.000,0.173,0.519
2.460,8.000,7.818,0.182,0.000,0.173,0.519
2.470,8.000,7.820,0.180,0.000,0.173,0.519
2.480,8.000,7.822,0.178,0.000,0.173,0.519
2.490,8.000,7.824,0.176,0.000,0.173,0.519
2.500,8.000,7.826,0.174,-0.000,0.173,0.519
2.510,8.000,7.827,0.173,0.000,0.173,0.519
2.520,8.000,7.829,0.171,0.000,0.173,0.519
2.530,8.000,7.831,0.169,0.000,0.173,0.519
2.540,8.000,7.832,0.168,0.000,0.173,0.519
2.550,8.000,7.834,0.166,-0.000,0.173,0.519
2.560,8.000,7.836,0.164,-0.000,0.173,0.519
2.570,8.000,7.837,0.163,0.000,0.173,0.519
2.580,8.000,7.839,0.161,0.000,0.173,0.519
2.590,8.000,7.841,0.159,0.000,0.173,0.519
2.600,8.000,7.842,0.158,0.000,0.173,0.519
2.610,8.000,7.844,0.156,-0.000,0.173,0.519
2.620,8.000,7.845,0.155,0.000,0.173,0.519
2.630,8.000,7.847,0.153,0.000,0.173,0.520
2.640,8.000,7.848,0.151,0.000,0.173,0.520
2.650,8.000,7.850,0.150,0.000,0.173,0.520
2.660,8.000,7.852,0.149,-0.000,0.173,0.520
2.670,8.000,7.853,0.147,-0.000,0.173,0.520
2.680,8.000,7.854,0.146,0.000,0.173,0.520
2.690,8.000,7.856,0.144,0.000,0.173,0.520
2.700,8.000,7.857,0.143,0.000,0.173,0.520
2.710,8.000,7.859,0.141,0.000,0.173,0.520
2.720,8.000,7.860,0.140,-0.000,0.173,0.520
2.730,8.000,7.862,0.138,0.000,0.173,0.520
2.740,8.000,7.863,0.137,0.000,0.173,0.520
2.750,8.000,7.864,0.136,0.000,0.173,0.520
2.760,8.000,7.866,0.134,0.000,0.173,0.520
2.770,8.000,7.867,0.133,0.000,0.173,0.520
2.780,8.000,7.868,0.132,-0.000,0.173,0.520
2.790,8.000,7.870,0.130,0.000,0.173,0.520
2.800,8.000,7.871,0.129,0.000,0.173,0.520
2.810,8.000,7.872,0.128,0.000,0.173,0.520
2.820,8.000,7.874,0.126,0.000,0.173,0.520
2.830,8.000,7.875,0.125,0.000,0.173,0.520
2.840,8.000,7.876,0.124,0.000,0.173,0.520
2.850,8.000,7.877,0.123,0.000,0.173,0.520
2.860,8.000,7.879,0.121,0.000,0.173,0.520
2.870,8.000,7.880,0.120,0.000,0.173,0.520
2.880,8.000,7.881,0.119,0.000,0.173,0.521
2.890,8.000,7.882,0.118,0.000,0.174,0.521
2.900,8.000,7.883,0.117,0.000,0.174,0.521
2.910,8.000,7.884,0.115,0.000,0.174,0.521
2.920,8.000,7.886,0.114,0.000,0.174,0.521
2.930,8.000,7.887,0.113,0.000,0.174,0.521
2.940,8.000,7.888,0.112,0.000,0.174,0.521
2.950,8.000,7.889,0.111,0.000,0.174,0.521
2.960,8.000,7.890,0.110,0.000,0.174,0.521
2.970,8.000,7.891,0.109,0.000,0.174,0.521
2.980,8.000,7.892,0.108,0.000,0.174,0.521
2.990,8.000,7.893,0.107,0.000,0.174,0.521
3.000,8.000,7.894,0.106,0.000,0.174,0.521
3.010,8.000,7.896,0.104,0.000,0.174,0.521
3.020,8.000,7.897,0.103,0.000,0.174,0.521
3.030,8.000,7.898,0.102,0.000,0.174,0.521
3.040,8.000,7.899,0.101,0.000,0.174,0.521
3.050,8.000,7.900,0.100,0.000,0.174,0.521
3.060,8.000,7.901,0.099,0.000,0.174,0.521
3.070,8.000,7.902,0.098,0.000,0.174,0.521
3.080,8.000,7.903,0.097,0.000,0.174,0.521
3.090,8.000,7.904,0.096,0.000,0.174,0.521
3.100,8.000,7.905,0.095,0.000,0.174,0.521
3.110,8.000,7.906,0.094,0.000,0.174,0.521
3.120,8.000,7.906,0.094,0.000,0.174,0.521
3.130,8.000,7.907,0.093,0.000,0.174,0.521
3.140,8.000,7.908,0.092,0.000,0.174,0.521
3.150,8.000,7.909,0.091,0.000,0.174,0.521
3.160,8.000,7.910,0.090,0.000,0.174,0.521
3.170,8.000,7.911,0.089,0.000,0.174,0.521
3.180,8.000,7.912,0.088,0.000,0.174,0.521
3.190,8.000,7.913,0.087,0.000,0.174,0.521
3.200,8.000,7.914,0.086,0.000,0.174,0.521
3.210,8.000,7.915,0.085,0.000,0.174,0.521
3.220,8.000,7.915,0.085,0.000,0.174,0.521
3.230,8.000,7.916,0.084,0.000,0.174,0.521
3.240,8.000,7.917,0.083,0.000,0.174,0.521
3.250,8.000,7.918,0.082,0.000,0.174,0.521
3.260,8.000,7.919,0.081,0.000,0.174,0.522
3.270,8.000,7.920,0.080,0.000,0.174,0.522
3.280,8.000,7.920,0.080,0.000,0.174,0.522
3.290,8.000,7.921,0.079,0.000,0.174,0.522
3.300,8.000,7.922,0.078,0.000,0.174,0.522
3.310,8.000,7.923,0.077,0.000,0.174,0.522
3.320,8.000,7.923,0.076,0.000,0.174,0.522
3.330,8.000,7.924,0.076,0.000,0.174,0.522
3.340,2.000,7.925,0.075,-6.000,-0.200,-1.800
3.350,2.000,7.926,-0.023,-5.903,-0.200,-1.781
3.360,2.000,7.926,-0.121,-5.804,-0.200,-1.761
3.370,2.000,7.924,-0.219,-5.705,-0.200,-1.741
3.380,2.000,7.922,-0.317,-5.605,-0.200,-1.721
3.390,2.000,7.919,-0.415,-5.504,-0.200,-1.701
3.400,2.000,7.915,-0.513,-5.401,-0.200,-1.680
3.410,2.000,7.910,-0.611,-5.298,-0.200,-1.660
3.420,2.000,7.904,-0.710,-5.194,-0.200,-1.639
3.430,2.000,7.896,-0.808,-5.089,-0.200,-1.618
3.440,2.000,7.888,-0.906,-4.983,-0.200,-1.597
3.450,2.000,7.879,-1.004,-4.876,-0.200,-1.575
3.460,2.000,7.869,-1.102,-4.767,-0.200,-1.553
3.470,2.000,7.858,-1.200,-4.658,-0.200,-1.532
3.480,2.000,7.846,-1.298,-4.548,-0.200,-1.510
3.490,2.000,7.833,-1.396,-4.437,-0.200,-1.487
3.500,2.000,7.819,-1.494,-4.325,-0.200,-1.465
3.510,2.000,7.804,-1.592,-4.212,-0.200,-1.442
3.520,2.000,7.788,-1.690,-4.098,-0.200,-1.420
3.530,2.000,7.772,-1.788,-3.983,-0.200,-1.397
3.540,2.000,7.754,-1.886,-3.867,-0.200,-1.373
3.550,2.000,7.735,-1.984,-3.750,-0.200,-1.350
3.560,2.000,7.715,-2.082,-3.632,-0.200,-1.326
3.570,2.000,7.694,-2.181,-3.514,-0.200,-1.303
3.580,2.000,7.672,-2.279,-3.394,-0.200,-1.279
3.590,2.000,7.650,-2.377,-3.273,-0.200,-1.255
3.600,2.000,7.626,-2.475,-3.151,-0.200,-1.230
3.610,2.000,7.601,-2.573,-3.028,-0.200,-1.206
3.620,2.000,7.575,-2.671,-2.904,-0.200,-1.181
3.630,2.000,7.549,-2.769,-2.780,-0.200,-1.156
3.640,2.000,7.521,-2.867,-2.654,-0.200,-1.131
3.650,2.000,7.492,-2.965,-2.527,-0.200,-1.105
3.660,2.000,7.463,-3.063,-2.399,-0.200,-1.080
3.670,2.000,7.432,-3.161,-2.271,-0.200,-1.054
3.680,2.000,7.400,-3.259,-2.141,-0.200,-1.028
3.690,2.000,7.368,-3.357,-2.010,-0.200,-1.002
3.700,2.000,7.334,-3.455,-1.879,-0.200,-0.976
3.710,2.000,7.300,-3.553,-1.746,-0.200,-0.949
3.720,2.000,7.264,-3.652,-1.613,-0.200,-0.923
3.730,2.000,7.228,-3.750,-1.478,-0.200,-0.896
3.740,2.000,7.190,-3.848,-1.342,-0.200,-0.868
3.750,2.000,7.152,-3.946,-1.206,-0.200,-0.841
3.760,2.000,7.112,-4.044,-1.068,-0.200,-0.814
3.770,2.000,7.072,-4.142,-0.930,-0.200,-0.786
3.780,2.000,7.030,-4.240,-0.790,-0.200,-0.758
3.790,2.000,6.988,-4.338,-0.650,-0.200,-0.730
3.800,2.000,6.945,-4.436,-0.508,-0.200,-0.702
3.810,2.000,6.900,-4.534,-0.366,-0.200,-0.673
3.820,2.000,6.855,-4.632,-0.223,-0.200,-0.645
3.830,2.000,6.808,-4.730,-0.078,-0.200,-0.616
3.840,2.000,6.761,-4.828,0.067,-0.133,-0.385
3.850,2.000,6.713,-4.926,0.214,0.081,0.285
3.860,2.000,6.664,-4.995,0.332,0.200,0.666
3.870,2.000,6.614,-4.935,0.321,0.200,0.664
3.880,2.000,6.564,-4.875,0.311,0.200,0.662
3.890,2.000,6.516,-4.816,0.301,0.200,0.660
3.900,2.000,6.467,-4.759,0.291,0.200,0.658
3.910,2.000,6.420,-4.702,0.282,0.200,0.656
3.920,2.000,6.373,-4.646,0.273,0.200,0.655
3.930,2.000,6.326,-4.591,0.264,0.200,0.653
3.940,2.000,6.280,-4.536,0.256,0.200,0.651
3.950,2.000,6.235,-4.483,0.248,0.200,0.650
3.960,2.000,6.190,-4.430,0.240,0.200,0.648
3.970,2.000,6.146,-4.378,0.232,0.200,0.646
3.980,2.000,6.102,-4.326,0.224,0.200,0.645
3.990,2.000,6.059,-4.276,0.217,0.200,0.643
4.000,2.000,6.016,-4.226,0.210,0.200,0.642
4.010,2.000,5.974,-4.177,0.203,0.200,0.641
4.020,2.000,5.932,-4.128,0.196,0.200,0.639
4.030,2.000,5.891,-4.080,0.189,0.200,0.638
4.040,2.000,5.850,-4.033,0.182,0.200,0.636
4.050,2.000,5.810,-3.986,0.176,0.200,0.635
4.060,2.000,5.770,-3.940,0.170,0.200,0.634
4.070,2.000,5.730,-3.894,0.163,0.200,0.633
4.080,2.000,5.692,-3.849,0.157,0.200,0.631
4.090,2.000,5.653,-3.804,0.151,0.200,0.630
4.100,2.000,5.615,-3.760,0.145,0.200,0.629
4.110,2.000,5.577,-3.717,0.139,0.200,0.628
4.120,2.000,5.540,-3.674,0.134,0.200,0.627
4.130,2.000,5.504,-3.632,0.128,0.200,0.626
4.140,2.000,5.467,-3.590,0.122,0.200,0.624
4.150,2.000,5.431,-3.548,0.117,0.200,0.623
4.160,2.000,5.396,-3.507,0.112,0.200,0.622
4.170,2.000,5.361,-3.467,0.106,0.200,0.621
4.180,2.000,5.326,-3.427,0.101,0.200,0.620
4.190,2.000,5.292,-3.388,0.096,0.200,0.619
4.200,2.000,5.258,-3.349,0.091,0.200,0.618
4.210,2.000,5.224,-3.310,0.086,0.200,0.617
4.220,2.000,5.191,-3.272,0.081,0.200,0.616
4.230,2.000,5.159,-3.234,0.076,0.200,0.615
4.240,2.000,5.126,-3.197,0.071,0.200,0.614
4.250,2.000,5.094,-3.160,0.066,0.200,0.613
4.260,2.000,5.063,-3.124,0.061,0.200,0.612
4.270,2.000,5.031,-3.088,0.056,0.200,0.611
4.280,2.000,5.001,-3.052,0.052,0.200,0.610
4.290,2.000,4.970,-3.017,0.047,0.200,0.609
4.300,2.000,4.940,-2.982,0.042,0.200,0.608
4.310,2.000,4.910,-2.948,0.038,0.200,0.608
4.320,2.000,4.881,-2.914,0.033,0.200,0.607
4.330,2.000,4.851,-2.881,0.029,0.200,0.606
4.340,2.000,4.823,-2.847,0.025,0.200,0.605
4.350,2.000,4.794,-2.815,0.020,0.200,0.604
4.360,2.000,4.766,-2.782,0.016,0.200,0.603
4.370,2.000,4.738,-2.750,0.012,0.200,0.602
4.380,2.000,4.711,-2.718,0.008,0.200,0.602
4.390,2.000,4.684,-2.687,0.004,0.200,0.601
4.400,2.000,4.657,-2.656,-0.001,0.199,0.598
4.410,2.000,4.630,-2.626,-0.004,0.196,0.586
4.420,2.000,4.604,-2.602,-0.002,0.193,0.579
4.430,2.000,4.578,-2.580,0.002,0.195,0.585
4.440,2.000,4.552,-2.555,0.003,0.198,0.595
4.450,2.000,4.526,-2.527,0.000,0.198,0.595
4.460,2.000,4.501,-2.498,-0.003,0.195,0.585
4.470,2.000,4.476,-2.474,-0.002,0.193,0.578
4.480,2.000,4.451,-2.452,0.001,0.194,0.582
4.490,2.000,4.427,-2.430,0.003,0.196,0.590
4.500,2.000,4.403,-2.403,0.001,0.197,0.591
4.510,2.000,4.379,-2.376,-0.002,0.195,0.584
4.520,2.000,4.355,-2.353,-0.002,0.192,0.577
4.530,2.000,4.331,-2.332,0.000,0.193,0.578
4.540,2.000,4.308,-2.310,0.002,0.195,0.585
4.550,2.000,4.285,-2.286,0.001,0.196,0.587
4.560,2.000,4.262,-2.261,-0.002,0.194,0.582
4.570,2.000,4.239,-2.237,-0.002,0.192,0.576
4.580,2.000,4.217,-2.217,-0.000,0.192,0.575
4.590,2.000,4.195,-2.196,0.002,0.193,0.581
4.600,2.000,4.173,-2.174,0.001,0.194,0.584
4.610,2.000,4.151,-2.150,-0.001,0.194,0.580
4.620,2.000,4.130,-2.128,-0.002,0.192,0.575
4.630,2.000,4.108,-2.108,-0.001,0.191,0.573
4.640,2.000,4.087,-2.088,0.001,0.192,0.577
4.650,2.000,4.066,-2.068,0.001,0.193,0.580
4.660,2.000,4.046,-2.045,-0.000,0.193,0.578
4.670,2.000,4.025,-2.024,-0.002,0.191,0.574
4.680,2.000,4.005,-2.004,-0.001,0.190,0.571
4.690,2.000,3.985,-1.986,0.001,0.191,0.573
4.700,2.000,3.965,-1.966,0.001,0.192,0.576
4.710,2.000,3.946,-1.945,-0.000,0.192,0.576
4.720,2.000,3.926,-1.925,-0.001,0.191,0.572
4.730,2.000,3.907,-1.906,-0.001,0.190,0.569
4.740,2.000,3.888,-1.888,0.000,0.190,0.570
4.750,2.000,3.869,-1.870,0.001,0.191,0.573
4.760,2.000,3.850,-1.850,0.000,0.191,0.574
4.770,2.000,3.832,-1.831,-0.001,0.190,0.571
4.780,2.000,3.813,-1.812,-0.001,0.189,0.568
4.790,2.000,3.795,-1.795,-0.000,0.189,0.568
4.800,2.000,3.777,-1.778,0.001,0.190,0.570
4.810,2.000,3.760,-1.760,0.000,0.190,0.571
4.820,2.000,3.742,-1.741,-0.001,0.190,0.569
4.830,2.000,3.725,-1.724,-0.001,0.189,0.566
4.840,2.000,3.707,-1.707,-0.000,0.189,0.566
4.850,2.000,3.690,-1.691,0.000,0.189,0.567
4.860,2.000,3.673,-1.674,0.000,0.189,0.568
4.870,2.000,3.657,-1.656,-0.000,0.189,0.567
4.880,2.000,3.640,-1.639,-0.001,0.188,0.565
4.890,2.000,3.624,-1.623,-0.000,0.188,0.564
4.900,2.000,3.607,-1.608,0.000,0.188,0.564
4.910,2.000,3.591,-1.592,0.000,0.189,0.566
4.920,2.000,3.575,-1.575,-0.000,0.189,0.566
4.930,2.000,3.560,-1.559,-0.001,0.188,0.564
4.940,2.000,3.544,-1.544,-0.001,0.187,0.562
4.950,2.000,3.529,-1.529,0.000,0.187,0.562
4.960,2.000,3.513,-1.514,0.000,0.188,0.563
4.970,2.000,3.498,-1.498,0.000,0.188,0.564
4.980,2.000,3.483,-1.483,-0.000,0.187,0.562
4.990,2.000,3.468,-1.468,-0.001,0.187,0.561
5.000,2.000,3.454,-1.454,-0.000,0.187,0.560
5.010,2.000,3.439,-1.439,0.000,0.187,0.561
5.020,2.000,3.425,-1.425,0.000,0.187,0.561
5.030,2.000,3.411,-1.410,-0.000,0.187,0.561
5.040,2.000,3.396,-1.396,-0.000,0.186,0.559
5.050,2.000,3.382,-1.382,-0.000,0.186,0.558
5.060,2.000,3.369,-1.369,0.000,0.186,0.559
5.070,2.000,3.355,-1.355,0.000,0.186,0.559
5.080,2.000,3.341,-1.341,-0.000,0.186,0.559
5.090,2.000,3.328,-1.328,-0.000,0.186,0.558
5.100,2.000,3.315,-1.314,-0.000,0.186,0.557
5.110,2.000,3.302,-1.302,-0.000,0.186,0.557
5.120,2.000,3.289,-1.289,0.000,0.186,0.557
5.130,2.000,3.276,-1.276,-0.000,0.186,0.557
5.140,2.000,3.263,-1.263,-0.000,0.186,0.556
5.150,2.000,3.250,-1.250,-0.000,0.185,0.555
5.160,2.000,3.238,-1.238,-0.000,0.185,0.555
5.170,2.000,3.225,-1.226,0.000,0.185,0.556
5.180,2.000,3.213,-1.213,0.000,0.185,0.556
5.190,2.000,3.201,-1.201,-0.000,0.185,0.555
5.200,2.000,3.189,-1.189,-0.000,0.185,0.554
5.210,2.000,3.177,-1.177,-0.000,0.185,0.554
5.220,2.000,3.165,-1.165,0.000,0.185,0.554
5.230,2.000,3.154,-1.154,0.000,0.185,0.554
5.240,2.000,3.142,-1.142,-0.000,0.185,0.554
5.250,2.000,3.131,-1.130,-0.000,0.184,0.553
5.260,2.000,3.119,-1.119,-0.000,0.184,0.552
5.270,2.000,3.108,-1.108,-0.000,0.184,0.552
5.280,2.000,3.097,-1.097,0.000,0.184,0.552
5.290,2.000,3.086,-1.086,-0.000,0.184,0.552
5.300,2.000,3.075,-1.075,-0.000,0.184,0.552
5.310,2.000,3.065,-1.064,-0.000,0.184,0.551
5.320,2.000,3.054,-1.054,-0.000,0.184,0.551
5.330,2.000,3.043,-1.043,0.000,0.184,0.551
5.340,2.000,3.033,-1.033,0.000,0.184,0.551
5.350,2.000,3.023,-1.023,-0.000,0.184,0.550
5.360,2.000,3.012,-1.012,-0.000,0.183,0.550
5.370,2.000,3.002,-1.002,-0.000,0.183,0.549
5.380,2.000,2.992,-0.992,-0.000,0.183,0.549
5.390,2.000,2.982,-0.982,0.000,0.183,0.549
5.400,2.000,2.973,-0.972,-0.000,0.183,0.549
5.410,2.000,2.963,-0.963,-0.000,0.183,0.549
5.420,2.000,2.953,-0.953,-0.000,0.183,0.548
5.430,2.000,2.944,-0.944,-0.000,0.183,0.548
5.440,2.000,2.934,-0.934,0.000,0.183,0.548
5.450,2.000,2.925,-0.925,-0.000,0.183,0.548
5.460,2.000,2.916,-0.915,-0.000,0.183,0.548
5.470,2.000,2.906,-0.906,-0.000,0.182,0.547
5.480,2.000,2.897,-0.897,-0.000,0.182,0.547
5.490,2.000,2.888,-0.888,-0.000,0.182,0.547
5.500,2.000,2.880,-0.880,-0.000,0.182,0.547
5.510,2.000,2.871,-0.871,-0.000,0.182,0.547
5.520,2.000,2.862,-0.862,-0.000,0.182,0.546
5.530,2.000,2.853,-0.853,-0.000,0.182,0.546
5.540,2.000,2.845,-0.845,-0.000,0.182,0.546
5.550,2.000,2.836,-0.836,-0.000,0.182,0.546
5.560,2.000,2.828,-0.828,-0.000,0.182,0.545
5.570,2.000,2.820,-0.820,-0.000,0.182,0.545
5.580,2.000,2.812,-0.811,-0.000,0.182,0.545
5.590,2.000,2.803,-0.803,-0.000,0.182,0.545
5.600,2.000,2.795,-0.795,-0.000,0.182,0.545
5.610,2.000,2.787,-0.787,-0.000,0.181,0.544
5.620,2.000,2.780,-0.780,-0.000,0.181,0.544
5.630,2.000,2.772,-0.772,-0.000,0.181,0.544
5.640,2.000,2.764,-0.764,-0.000,0.181,0.544
5.650,2.000,2.756,-0.756,-0.000,0.181,0.543
5.660,2.000,2.749,-0.749,-0.000,0.181,0.543
5.670,2.000,2.741,-0.741,-0.000,0.181,0.543
5.680,2.000,2.734,-0.734,-0.000,0.181,0.543
5.690,2.000,2.727,-0.727,-0.000,0.181,0.543
5.700,2.000,2.719,-0.719,-0.000,0.181,0.542
5.710,2.000,2.712,-0.712,-0.000,0.181,0.542
5.720,2.000,2.705,-0.705,-0.000,0.181,0.542
5.730,2.000,2.698,-0.698,-0.000,0.181,0.542
5.740,2.000,2.691,-0.691,-0.000,0.181,0.542
5.750,2.000,2.684,-0.684,-0.000,0.181,0.542
5.760,2.000,2.677,-0.677,-0.000,0.180,0.541
5.770,2.000,2.671,-0.670,-0.000,0.180,0.541
5.780,2.000,2.664,-0.664,-0.000,0.180,0.541
5.790,2.000,2.657,-0.657,-0.000,0.180,0.541
5.800,2.000,2.651,-0.651,-0.000,0.180,0.541
5.810,2.000,2.644,-0.644,-0.000,0.180,0.541
5.820,2.000,2.638,-0.638,-0.000,0.180,0.540
5.830,2.000,2.631,-0.631,-0.000,0.180,0.540
5.840,2.000,2.625,-0.625,-0.000,0.180,0.540
5.850,2.000,2.619,-0.619,-0.000,0.180,0.540
5.860,2.000,2.613,-0.612,-0.000,0.180,0.540
5.870,2.000,2.606,-0.606,-0.000,0.180,0.540
5.880,2.000,2.600,-0.600,-0.000,0.180,0.540
5.890,2.000,2.594,-0.594,-0.000,0.180,0.539
5.900,2.000,2.588,-0.588,-0.000,0.180,0.539
5.910,2.000,2.583,-0.582,-0.000,0.180,0.539
5.920,2.000,2.577,-0.577,-0.000,0.180,0.539
5.930,2.000,2.571,-0.571,-0.000,0.180,0.539
5.940,2.000,2.565,-0.565,-0.000,0.180,0.539
5.950,2.000,2.560,-0.560,-0.000,0.179,0.538
5.960,2.000,2.554,-0.554,-0.000,0.179,0.538
5.970,2.000,2.548,-0.548,-0.000,0.179,0.538
5.980,2.000,2.543,-0.543,-0.000,0.179,0.538
5.990,2.000,2.538,-0.537,-0.000,0.179,0.538
6.000,2.000,2.532,-0.532,-0.000,0.179,0.538
6.010,2.000,2.527,-0.527,-0.000,0.179,0.538
6.020,2.000,2.522,-0.522,-0.000,0.179,0.537
6.030,2.000,2.516,-0.516,-0.000,0.179,0.537
6.040,2.000,2.511,-0.511,-0.000,0.179,0.537
6.050,2.000,2.506,-0.506,-0.000,0.179,0.537
6.060,2.000,2.501,-0.501,-0.000,0.179,0.537
6.070,2.000,2.496,-0.496,-0.000,0.179,0.537
6.080,2.000,2.491,-0.491,-0.000,0.179,0.537
6.090,2.000,2.486,-0.486,-0.000,0.179,0.537
6.100,2.000,2.481,-0.481,-0.000,0.179,0.536
6.110,2.000,2.476,-0.476,-0.000,0.179,0.536
6.120,2.000,2.472,-0.472,-0.000,0.179,0.536
6.130,2.000,2.467,-0.467,-0.000,0.179,0.536
6.140,2.000,2.462,-0.462,-0.000,0.179,0.536
6.150,2.000,2.458,-0.458,-0.000,0.179,0.536
6.160,2.000,2.453,-0.453,-0.000,0.179,0.536
6.170,2.000,2.449,-0.449,-0.000,0.179,0.536
6.180,2.000,2.444,-0.444,-0.000,0.178,0.535
6.190,2.000,2.440,-0.440,-0.000,0.178,0.535
6.200,2.000,2.435,-0.435,-0.000,0.178,0.535
6.210,2.000,2.431,-0.431,-0.000,0.178,0.535
6.220,2.000,2.427,-0.427,-0.000,0.178,0.535
6.230,2.000,2.422,-0.422,-0.000,0.178,0.535
6.240,2.000,2.418,-0.418,-0.000,0.178,0.535
6.250,2.000,2.414,-0.414,-0.000,0.178,0.535
6.260,2.000,2.410,-0.410,-0.000,0.178,0.535
6.270,2.000,2.406,-0.406,-0.000,0.178,0.534
6.280,2.000,2.402,-0.402,-0.000,0.178,0.534
6.290,2.000,2.398,-0.398,-0.000,0.178,0.534
6.300,2.000,2.394,-0.394,-0.000,0.178,0.534
6.310,2.000,2.390,-0.390,-0.000,0.178,0.534
6.320,2.000,2.386,-0.386,-0.000,0.178,0.534
6.330,2.000,2.382,-0.382,-0.000,0.178,0.534
6.340,2.000,2.378,-0.378,-0.000,0.178,0.534
6.350,2.000,2.374,-0.374,-0.000,0.178,0.534
6.360,2.000,2.371,-0.371,-0.000,0.178,0.533
6.370,2.000,2.367,-0.367,-0.000,0.178,0.533
6.380,2.000,2.363,-0.363,-0.000,0.178,0.533
6.390,2.000,2.360,-0.360,-0.000,0.178,0.533
6.400,2.000,2.356,-0.356,-0.000,0.178,0.533
6.410,2.000,2.352,-0.352,-0.000,0.178,0.533
6.420,2.000,2.349,-0.349,-0.000,0.178,0.533
6.430,2.000,2.345,-0.345,-0.000,0.178,0.533
6.440,2.000,2.342,-0.342,-0.000,0.178,0.533
6.450,2.000,2.339,-0.339,-0.000,0.178,0.533
6.460,2.000,2.335,-0.335,-0.000,0.178,0.533
6.470,2.000,2.332,-0.332,-0.000,0.177,0.532
6.480,2.000,2.329,-0.328,-0.000,0.177,0.532
6.490,2.000,2.325,-0.325,-0.000,0.177,0.532
6.500,2.000,2.322,-0.322,-0.000,0.177,0.532
6.510,2.000,2.319,-0.319,-0.000,0.177,0.532
6.520,2.000,2.316,-0.316,-0.000,0.177,0.532
6.530,2.000,2.312,-0.312,-0.000,0.177,0.532
6.540,2.000,2.309,-0.309,-0.000,0.177,0.532
6.550,2.000,2.306,-0.306,-0.000,0.177,0.532
6.560,2.000,2.303,-0.303,-0.000,0.177,0.532
6.570,2.000,2.300,-0.300,-0.000,0.177,0.532
6.580,2.000,2.297,-0.297,-0.000,0.177,0.532
6.590,2.000,2.294,-0.294,-0.000,0.177,0.531
6.600,2.000,2.291,-0.291,-0.000,0.177,0.531
6.610,2.000,2.288,-0.288,-0.000,0.177,0.531
6.620,2.000,2.285,-0.285,-0.000,0.177,0.531
6.630,2.000,2.283,-0.283,-0.000,0.177,0.531
6.640,2.000,2.280,-0.280,-0.000,0.177,0.531
6.650,2.000,2.277,-0.277,-0.000,0.177,0.531
6.660,2.000,2.274,-0.274,-0.000,0.177,0.531
6.670,4.000,2.271,-0.271,2.000,0.200,1.000
6.680,4.000,2.269,-0.012,1.743,0.200,0.949
6.690,4.000,2.269,0.212,1.520,0.200,0.904
6.700,4.000,2.271,0.406,1.323,0.200,0.865
6.710,4.000,2.275,0.575,1.150,0.200,0.830
6.720,4.000,2.281,0.724,0.996,0.200,0.799
6.730,4.000,2.288,0.854,0.858,0.200,0.772
6.740,4.000,2.296,0.969,0.735,0.200,0.747
6.750,4.000,2.306,1.070,0.624,0.200,0.725
6.760,4.000,2.317,1.160,0.523,0.200,0.705
6.770,4.000,2.328,1.239,0.432,0.200,0.686
6.780,4.000,2.341,1.310,0.349,0.200,0.670
6.790,4.000,2.354,1.372,0.274,0.200,0.655
6.800,4.000,2.367,1.428,0.205,0.200,0.641
6.810,4.000,2.382,1.476,0.142,0.200,0.628
6.820,4.000,2.397,1.520,0.084,0.200,0.617
6.830,4.000,2.412,1.558,0.031,0.200,0.606
6.840,4.000,2.427,1.591,-0.018,0.182,0.542
6.850,4.000,2.443,1.598,-0.041,0.141,0.414
6.860,4.000,2.459,1.561,-0.020,0.121,0.358
6.870,4.000,2.475,1.509,0.016,0.137,0.414
6.880,4.000,2.490,1.472,0.038,0.175,0.533
6.890,4.000,2.505,1.475,0.020,0.195,0.589
6.900,4.000,2.519,1.501,-0.021,0.174,0.518
6.910,4.000,2.534,1.499,-0.034,0.140,0.414
6.920,4.000,2.549,1.463,-0.012,0.128,0.382
6.930,4.000,2.564,1.417,0.019,0.147,0.446
6.940,4.000,2.578,1.390,0.032,0.179,0.544
6.950,4.000,2.592,1.398,0.010,0.189,0.571
6.960,4.000,2.606,1.416,-0.022,0.167,0.498
6.970,4.000,2.620,1.407,-0.027,0.141,0.417
6.980,4.000,2.634,1.371,-0.005,0.136,0.406
6.990,4.000,2.648,1.332,0.020,0.156,0.473
7.000,4.000,2.661,1.313,0.025,0.181,0.549
7.010,4.000,2.674,1.323,0.002,0.184,0.552
7.020,4.000,2.688,1.334,-0.022,0.162,0.482
7.030,4.000,2.701,1.319,-0.020,0.142,0.422
7.040,4.000,2.714,1.285,0.001,0.143,0.430
7.050,4.000,2.727,1.253,0.020,0.164,0.495
7.060,4.000,2.740,1.242,0.018,0.182,0.549
7.070,4.000,2.752,1.252,-0.004,0.178,0.533
7.080,4.000,2.764,1.255,-0.020,0.158,0.470
7.090,4.000,2.777,1.236,-0.013,0.145,0.431
7.100,4.000,2.789,1.205,0.006,0.150,0.452
7.110,4.000,2.801,1.180,0.019,0.169,0.511
7.120,4.000,2.813,1.175,0.012,0.181,0.544
7.130,4.000,2.825,1.183,-0.008,0.173,0.516
7.140,4.000,2.837,1.180,-0.017,0.155,0.463
7.150,4.000,2.849,1.159,-0.008,0.148,0.442
7.160,4.000,2.860,1.131,0.009,0.157,0.473
7.170,4.000,2.872,1.113,0.016,0.173,0.522
7.180,4.000,2.883,1.112,0.006,0.178,0.536
7.190,4.000,2.894,1.117,-0.010,0.168,0.502
7.200,4.000,2.905,1.109,-0.014,0.154,0.461
7.210,4.000,2.916,1.086,-0.002,0.152,0.456
7.220,4.000,2.927,1.063,0.011,0.163,0.490
7.230,4.000,2.938,1.050,0.012,0.175,0.527
7.240,4.000,2.948,1.051,0.001,0.175,0.526
7.250,4.000,2.959,1.052,-0.011,0.164,0.491
7.260,4.000,2.969,1.041,-0.010,0.155,0.463
7.270,4.000,2.979,1.019,0.001,0.156,0.469
7.280,4.000,2.990,1.000,0.011,0.167,0.503
7.290,4.000,3.000,0.992,0.008,0.175,0.527
7.300,4.000,3.010,0.993,-0.003,0.172,0.516
7.310,4.000,3.020,0.990,-0.010,0.162,0.484
7.320,4.000,3.029,0.976,-0.006,0.156,0.468
7.330,4.000,3.039,0.957,0.004,0.161,0.483
7.340,4.000,3.049,0.942,0.009,0.170,0.512
7.350,4.000,3.058,0.938,0.004,0.174,0.524
7.360,4.000,3.068,0.938,-0.005,0.169,0.507
7.370,4.000,3.077,0.931,-0.008,0.161,0.481
7.380,4.000,3.086,0.916,-0.002,0.159,0.476
7.390,4.000,3.095,0.899,0.006,0.164,0.494
7.400,4.000,3.104,0.888,0.007,0.172,0.517
7.410,4.000,3.113,0.886,0.001,0.173,0.519
7.420,4.000,3.122,0.884,-0.006,0.167,0.499
7.430,4.000,3.131,0.875,-0.006,0.161,0.482
7.440,4.000,3.140,0.860,0.000,0.161,0.484
7.450,4.000,3.148,0.846,0.006,0.167,0.504
7.460,4.000,3.157,0.838,0.005,0.172,0.518
7.470,4.000,3.165,0.836,-0.001,0.171,0.513
7.480,4.000,3.174,0.832,-0.006,0.165,0.495
7.490,4.000,3.182,0.822,-0.004,0.162,0.485
7.500,4.000,3.190,0.808,0.002,0.164,0.493
7.510,4.000,3.198,0.796,0.006,0.170,0.510
7.520,4.000,3.206,0.791,0.003,0.172,0.517
7.530,4.000,3.214,0.789,-0.003,0.169,0.508
7.540,4.000,3.222,0.783,-0.005,0.165,0.493
7.550,4.000,3.230,0.772,-0.001,0.163,0.489
7.560,4.000,3.237,0.759,0.003,0.167,0.500
7.570,4.000,3.245,0.751,0.004,0.171,0.514
7.580,4.000,3.253,0.747,0.001,0.171,0.515
7.590,4.000,3.260,0.743,-0.003,0.168,0.503
7.600,4.000,3.267,0.736,-0.003,0.165,0.493
7.610,4.000,3.275,0.725,0.000,0.165,0.495
7.620,4.000,3.282,0.714,0.004,0.169,0.506
7.630,4.000,3.289,0.708,0.003,0.171,0.515
7.640,4.000,3.296,0.705,-0.001,0.170,0.511
7.650,4.000,3.303,0.700,-0.003,0.167,0.501
7.660,4.000,3.310,0.692,-0.002,0.165,0.495
7.670,4.000,3.317,0.681,0.002,0.167,0.500
7.680,4.000,3.324,0.673,0.003,0.170,0.510
7.690,4.000,3.331,0.668,0.001,0.171,0.514
7.700,4.000,3.337,0.664,-0.002,0.170,0.508
7.710,4.000,3.344,0.659,-0.003,0.167,0.500
7.720,4.000,3.351,0.650,-0.001,0.166,0.498
7.730,4.000,3.357,0.641,0.002,0.168,0.505
7.740,4.000,3.364,0.634,0.002,0.171,0.513
7.750,4.000,3.370,0.630,0.000,0.171,0.513
7.760,4.000,3.376,0.626,-0.002,0.169,0.506
7.770,4.000,3.382,0.619,-0.002,0.167,0.500
7.780,4.000,3.389,0.611,0.000,0.167,0.502
7.790,4.000,3.395,0.603,0.002,0.170,0.509
7.800,4.000,3.401,0.598,0.002,0.171,0.514
7.810,4.000,3.407,0.594,-0.001,0.170,0.511
7.820,4.000,3.413,0.589,-0.002,0.168,0.505
7.830,4.000,3.419,0.582,-0.001,0.167,0.502
7.840,4.000,3.424,0.574,0.001,0.169,0.506
7.850,4.000,3.430,0.568,0.002,0.170,0.512
7.860,4.000,3.436,0.564,0.001,0.171,0.513
7.870,4.000,3.442,0.560,-0.001,0.170,0.509
7.880,4.000,3.447,0.554,-0.002,0.168,0.505
7.890,4.000,3.453,0.547,-0.000,0.168,0.505
7.900,4.000,3.458,0.540,0.001,0.170,0.509
7.910,4.000,3.464,0.535,0.001,0.171,0.513
7.920,4.000,3.469,0.531,-0.000,0.171,0.513
7.930,4.000,3.474,0.527,-0.001,0.170,0.508
7.940,4.000,3.479,0.521,-0.001,0.169,0.506
7.950,4.000,3.485,0.515,0.000,0.169,0.507
7.960,4.000,3.490,0.509,0.001,0.170,0.512
7.970,4.000,3.495,0.504,0.001,0.171,0.514
7.980,4.000,3.500,0.501,-0.001,0.171,0.512
7.990,4.000,3.505,0.496,-0.001,0.169,0.508
8.000,4.000,3.510,0.490,-0.000,0.169,0.507
8.010,4.000,3.515,0.484,0.001,0.170,0.510
8.020,4.000,3.520,0.479,0.001,0.171,0.513
8.030,4.000,3.524,0.475,0.000,0.171,0.513
8.040,4.000,3.529,0.472,-0.001,0.170,0.511
8.050,4.000,3.534,0.467,-0.001,0.170,0.509
8.060,4.000,3.539,0.461,0.000,0.170,0.509
8.070,4.000,3.543,0.456,0.001,0.171,0.512
8.080,4.000,3.548,0.452,0.001,0.171,0.514
8.090,4.000,3.552,0.448,-0.000,0.171,0.513
8.100,4.000,3.557,0.444,-0.001,0.170,0.511
8.110,4.000,3.561,0.439,-0.000,0.170,0.510
8.120,4.000,3.566,0.434,0.000,0.170,0.511
8.130,4.000,3.570,0.429,0.001,0.171,0.513
8.140,4.000,3.574,0.425,0.000,0.171,0.514
8.150,4.000,3.578,0.422,-0.000,0.171,0.513
8.160,4.000,3.583,0.418,-0.001,0.170,0.511
8.170,4.000,3.587,0.413,-0.000,0.170,0.511
8.180,4.000,3.591,0.408,0.001,0.171,0.513
8.190,4.000,3.595,0.404,0.001,0.171,0.514
8.200,4.000,3.599,0.401,-0.000,0.171,0.514
8.210,4.000,3.603,0.397,-0.001,0.171,0.513
8.220,4.000,3.607,0.393,-0.000,0.171,0.512
8.230,4.000,3.611,0.389,0.000,0.171,0.512
8.240,4.000,3.615,0.384,0.001,0.171,0.514
8.250,4.000,3.619,0.381,0.000,0.172,0.515
8.260,4.000,3.623,0.378,-0.000,0.171,0.514
8.270,4.000,3.626,0.374,-0.000,0.171,0.513
8.280,4.000,3.630,0.370,-0.000,0.171,0.512
8.290,4.000,3.634,0.366,0.000,0.171,0.514
8.300,4.000,3.637,0.362,0.000,0.172,0.515
8.310,4.000,3.641,0.359,0.000,0.172,0.515
8.320,4.000,3.645,0.356,-0.000,0.171,0.514
8.330,4.000,3.648,0.352,-0.000,0.171,0.513
8.340,4.000,3.652,0.348,0.000,0.171,0.514
8.350,4.000,3.655,0.344,0.000,0.172,0.515
8.360,4.000,3.659,0.341,0.000,0.172,0.515
8.370,4.000,3.662,0.338,-0.000,0.172,0.515
8.380,4.000,3.665,0.335,-0.000,0.171,0.514
8.390,4.000,3.669,0.331,-0.000,0.171,0.514
8.400,4.000,3.672,0.328,0.000,0.172,0.515
8.410,4.000,3.675,0.324,0.000,0.172,0.516
8.420,4.000,3.679,0.321,0.000,0.172,0.516
8.430,4.000,3.682,0.318,-0.000,0.172,0.515
8.440,4.000,3.685,0.315,-0.000,0.172,0.515
8.450,4.000,3.688,0.312,0.000,0.172,0.515
8.460,4.000,3.691,0.308,0.000,0.172,0.515
8.470,4.000,3.694,0.305,0.000,0.172,0.516
8.480,4.000,3.697,0.303,-0.000,0.172,0.516
8.490,4.000,3.700,0.300,-0.000,0.172,0.515
8.500,4.000,3.703,0.297,-0.000,0.172,0.515
8.510,4.000,3.706,0.293,0.000,0.172,0.515
8.520,4.000,3.709,0.290,0.000,0.172,0.516
8.530,4.000,3.712,0.288,0.000,0.172,0.517
8.540,4.000,3.715,0.285,-0.000,0.172,0.516
8.550,4.000,3.718,0.282,-0.000,0.172,0.516
8.560,4.000,3.721,0.279,-0.000,0.172,0.516
8.570,4.000,3.724,0.276,0.000,0.172,0.516
8.580,4.000,3.726,0.273,0.000,0.172,0.517
8.590,4.000,3.729,0.271,0.000,0.172,0.517
8.600,4.000,3.732,0.268,-0.000,0.172,0.516
8.610,4.000,3.735,0.266,-0.000,0.172,0.516
8.620,4.000,3.737,0.263,0.000,0.172,0.516
8.630,4.000,3.740,0.260,0.000,0.172,0.517
8.640,4.000,3.742,0.258,0.000,0.172,0.517
8.650,4.000,3.745,0.255,-0.000,0.172,0.517
8.660,4.000,3.748,0.253,-0.000,0.172,0.517
8.670,4.000,3.750,0.250,-0.000,0.172,0.517
8.680,4.000,3.753,0.247,0.000,0.172,0.517
8.690,4.000,3.755,0.245,0.000,0.172,0.517
8.700,4.000,3.757,0.242,0.000,0.172,0.517
8.710,4.000,3.760,0.240,-0.000,0.172,0.517
8.720,4.000,3.762,0.238,-0.000,0.172,0.517
8.730,4.000,3.765,0.235,0.000,0.172,0.517
8.740,4.000,3.767,0.233,0.000,0.172,0.518
8.750,4.000,3.769,0.231,0.000,0.173,0.518
8.760,4.000,3.772,0.228,-0.000,0.173,0.518
8.770,4.000,3.774,0.226,-0.000,0.172,0.517
8.780,4.000,3.776,0.224,-0.000,0.172,0.517
8.790,4.000,3.778,0.221,0.000,0.173,0.518
8.800,4.000,3.781,0.219,0.000,0.173,0.518
8.810,4.000,3.783,0.217,0.000,0.173,0.518
8.820,4.000,3.785,0.215,-0.000,0.173,0.518
8.830,4.000,3.787,0.213,-0.000,0.173,0.518
8.840,4.000,3.789,0.211,0.000,0.173,0.518
8.850,4.000,3.791,0.209,0.000,0.173,0.518
8.860,4.000,3.793,0.206,0.000,0.173,0.518
8.870,4.000,3.796,0.204,0.000,0.173,0.518
8.880,4.000,3.798,0.202,-0.000,0.173,0.518
8.890,4.000,3.800,0.200,-0.000,0.173,0.518
8.900,4.000,3.802,0.198,0.000,0.173,0.518
8.910,4.000,3.804,0.196,0.000,0.173,0.519
8.920,4.000,3.806,0.194,0.000,0.173,0.519
8.930,4.000,3.808,0.192,-0.000,0.173,0.519
8.940,4.000,3.809,0.191,-0.000,0.173,0.518
8.950,4.000,3.811,0.189,0.000,0.173,0.518
8.960,4.000,3.813,0.187,0.000,0.173,0.519
8.970,4.000,3.815,0.185,0.000,0.173,0.519
8.980,4.000,3.817,0.183,0.000,0.173,0.519
8.990,4.000,3.819,0.181,-0.000,0.173,0.519
9.000,4.000,3.821,0.179,-0.000,0.173,0.519
9.010,4.000,3.822,0.178,0.000,0.173,0.519
9.020,4.000,3.824,0.176,0.000,0.173,0.519
9.030,4.000,3.826,0.174,0.000,0.173,0.519
9.040,4.000,3.828,0.172,-0.000,0.173,0.519
9.050,4.000,3.829,0.171,-0.000,0.173,0.519
9.060,4.000,3.831,0.169,0.000,0.173,0.519
9.070,4.000,3.833,0.167,0.000,0.173,0.519
9.080,4.000,3.834,0.165,0.000,0.173,0.519
9.090,4.000,3.836,0.164,0.000,0.173,0.519
9.100,4.000,3.838,0.162,-0.000,0.173,0.519
9.110,4.000,3.839,0.161,-0.000,0.173,0.519
9.120,4.000,3.841,0.159,0.000,0.173,0.519
9.130,4.000,3.843,0.157,0.000,0.173,0.519
9.140,4.000,3.844,0.156,0.000,0.173,0.520
9.150,4.000,3.846,0.154,0.000,0.173,0.520
9.160,4.000,3.847,0.153,-0.000,0.173,0.520
9.170,4.000,3.849,0.151,0.000,0.173,0.520
9.180,4.000,3.850,0.150,0.000,0.173,0.520
9.190,4.000,3.852,0.148,0.000,0.173,0.520
9.200,4.000,3.853,0.147,0.000,0.173,0.520
9.210,4.000,3.855,0.145,-0.000,0.173,0.520
9.220,4.000,3.856,0.144,-0.000,0.173,0.520
9.230,4.000,3.858,0.142,0.000,0.173,0.520
9.240,4.000,3.859,0.141,0.000,0.173,0.520
9.250,4.000,3.860,0.140,0.000,0.173,0.520
9.260,4.000,3.862,0.138,0.000,0.173,0.520
9.270,4.000,3.863,0.137,-0.000,0.173,0.520
9.280,4.000,3.865,0.135,0.000,0.173,0.520
9.290,4.000,3.866,0.134,0.000,0.173,0.520
9.300,4.000,3.867,0.133,0.000,0.173,0.520
9.310,4.000,3.869,0.131,0.000,0.173,0.520
9.320,4.000,3.870,0.130,-0.000,0.173,0.520
9.330,4.000,3.871,0.129,-0.000,0.173,0.520
9.340,4.000,3.873,0.127,0.000,0.173,0.520
9.350,4.000,3.874,0.126,0.000,0.173,0.520
9.360,4.000,3.875,0.125,0.000,0.173,0.520
9.370,4.000,3.876,0.124,0.000,0.173,0.520
9.380,4.000,3.878,0.122,-0.000,0.173,0.520
9.390,4.000,3.879,0.121,0.000,0.173,0.520
9.400,4.000,3.880,0.120,0.000,0.173,0.520
9.410,4.000,3.881,0.119,0.000,0.174,0.521
9.420,4.000,3.882,0.118,0.000,0.174,0.521
9.430,4.000,3.884,0.116,0.000,0.174,0.521
9.440,4.000,3.885,0.115,0.000,0.174,0.521
9.450,4.000,3.886,0.114,0.000,0.174,0.521
9.460,4.000,3.887,0.113,0.000,0.174,0.521
9.470,4.000,3.888,0.112,0.000,0.174,0.521
9.480,4.000,3.889,0.111,0.000,0.174,0.521
9.490,4.000,3.890,0.110,0.000,0.174,0.521
9.500,4.000,3.891,0.109,0.000,0.174,0.521
9.510,4.000,3.893,0.107,0.000,0.174,0.521
9.520,4.000,3.894,0.106,0.000,0.174,0.521
9.530,4.000,3.895,0.105,0.000,0.174,0.521
9.540,4.000,3.896,0.104,0.000,0.174,0.521
9.550,4.000,3.897,0.103,0.000,0.174,0.521
9.560,4.000,3.898,0.102,0.000,0.174,0.521
9.570,4.000,3.899,0.101,0.000,0.174,0.521
9.580,4.000,3.900,0.100,0.000,0.174,0.521
9.590,4.000,3.901,0.099,0.000,0.174,0.521
9.600,4.000,3.902,0.098,0.000,0.174,0.521
9.610,4.000,3.903,0.097,0.000,0.174,0.521
9.620,4.000,3.904,0.096,0.000,0.174,0.521
9.630,4.000,3.905,0.095,0.000,0.174,0.521
9.640,4.000,3.906,0.094,0.000,0.174,0.521
9.650,4.000,3.907,0.093,0.000,0.174,0.521
9.660,4.000,3.908,0.092,0.000,0.174,0.521
9.670,4.000,3.909,0.091,0.000,0.174,0.521
9.680,4.000,3.909,0.091,0.000,0.174,0.521
9.690,4.000,3.910,0.090,0.000,0.174,0.521
9.700,4.000,3.911,0.089,0.000,0.174,0.521
9.710,4.000,3.912,0.088,0.000,0.174,0.521
9.720,4.000,3.913,0.087,0.000,0.174,0.521
9.730,4.000,3.914,0.086,0.000,0.174,0.521
9.740,4.000,3.915,0.085,0.000,0.174,0.521
9.750,4.000,3.916,0.084,0.000,0.174,0.521
9.760,4.000,3.916,0.084,0.000,0.174,0.521
9.770,4.000,3.917,0.083,0.000,0.174,0.521
9.780,4.000,3.918,0.082,0.000,0.174,0.521
9.790,4.000,3.919,0.081,0.000,0.174,0.522
9.800,4.000,3.920,0.080,0.000,0.174,0.522
9.810,4.000,3.921,0.079,0.000,0.174,0.522
9.820,4.000,3.921,0.079,0.000,0.174,0.522
9.830,4.000,3.922,0.078,0.000,0.174,0.522
9.840,4.000,3.923,0.077,0.000,0.174,0.522
9.850,4.000,3.924,0.076,0.000,0.174,0.522
9.860,4.000,3.924,0.076,0.000,0.174,0.522
9.870,4.000,3.925,0.075,0.000,0.174,0.522
9.880,4.000,3.926,0.074,0.000,0.174,0.522
9.890,4.000,3.927,0.073,0.000,0.174,0.522
9.900,4.000,3.927,0.073,0.000,0.174,0.522
9.910,4.000,3.928,0.072,0.000,0.174,0.522
9.920,4.000,3.929,0.071,0.000,0.174,0.522
9.930,4.000,3.930,0.070,0.000,0.174,0.522
9.940,4.000,3.930,0.070,0.000,0.174,0.522
9.950,4.000,3.931,0.069,0.000,0.174,0.522
9.960,4.000,3.932,0.068,0.000,0.174,0.522
9.970,4.000,3.932,0.068,0.000,0.174,0.522
9.980,4.000,3.933,0.067,0.000,0.174,0.522
9.990,4.000,3.934,0.066,0.000,0.174,0.522
